Société / Secteur,Année,Croissance CA (%),Résultat Net (M MAD),Endettement (Gearing / Solvabilité)
BCP,2023,"+10,2% (PNB)",4100,Conforme (Bâle III)
(Banque),2024 (P),"+6,5%",4550,Solide
,2025 (P),"+7,0%",4900,Solide
Akdital,2023,"+84,0%",200,Élevé (Investissements)
(Santé),2024 (P),"+45,0%",310,Maîtrisé
,2025 (P),"+35,0%",420,En amélioration
Marsa Maroc,2023,"+9,4%",850,Excédentaire (Trésorerie nette)
(Ports),2024 (P),"+7,8%",960,Très Faible
,2025 (P),"+8,2%",1050,Très Faible
Cosumar,2023,"+0,5%",820,Modéré
(Agroalimentaire),2024 (P),"+3,0%",880,Stable
,2025 (P),"+4,0%",940,Désendettement
TotalEnergies Mar.,2023,"-2,10%",850,Faible
(Énergie/Carburants),2024 (P),"+3,5%",920,Stable
,2025 (P),"+4,2%",980,Stable
Ciments du Maroc,2023,"+1,8%",910,Trésorerie positive
(Matériaux),2024 (P),"+4,0%",1020,Nul (Excédentaire)
,2025 (P),"+5,5%",1150,Nul (Excédentaire)
Douja Prom Addoha,2023,"+18,0%",45,En réduction
(Immobilier),2024 (P),"+12,0%",120,En amélioration
,2025 (P),"+15,0%",180,Modéré
Sodep-Marsa Maroc,2023,"+9,4%",852,Excellent
(Logistique),2024 (P),"+8,0%",940,Désendettement
,2025 (P),"+8,5%",1050,Trésorerie nette
Snep,2023,"-8,00%",-40 (Perte),Élevé
(Chimie),2024 (P),"+15,0%",35,Sous surveillance
,2025 (P),"+20,0%",75,En optimisation
Wafa Assurance,2023,"+9,2%",1050,Excellent (Marge solvabilité)
(Assurances),2024 (P),"+6,5%",1180,Très Solide
,2025 (P),"+7,0%",1290,Très Solide
HPS,2023,"+20,5%",120,Faible
(Technologie),2024 (P),"+18,0%",145,Nul (Cash-flow positif)
,2025 (P),"+22,0%",185,Nul (Cash-flow positif)
Auto Hall,2023,"-5,00%",135,Modéré
(Automobile),2024 (P),"+8,0%",165,Stable
,2025 (P),"+10,0%",195,En baisse
Mutandis,2023,"+21,0%",110,Élevé (Acquisitions)
(Consommation),2024 (P),"+12,0%",140,En optimisation
,2025 (P),"+15,0%",175,Maîtrisé
Alliances,2023,"+25,0%",170,En fort désendettement
(Immobilier),2024 (P),"+15,0%",210,Sain
,2025 (P),"+12,0%",245,Sain
Afriquia Gaz,2023,"-4,2% (effet prix)",905,Très Faible
(Distribution Gaz),2024 (P),"+3,5%",940,Excellent (Cash-cow)
,2025 (P),"+4,0%",985,Excellent
Sonasid,2023,"+2,0%",75,Désendetté
(Sidérurgie),2024 (P),"+6,0%",110,Trésorerie positive
,2025 (P),"+8,5%",145,Trésorerie positive
Lesieur Cristal,2023,"-12,0% (matières)",220,Modéré
(Agroalimentaire),2024 (P),"+5,5%",310,Stable
,2025 (P),"+6,2%",350,En baisse
SNEP,2023,"-8,50%",-42 (Déficit),Élevé (CAPEX)
(Chimie),2024 (P),"+15,0%",45 (Retour),Sous surveillance
,2025 (P),"+18,0%",85,En amélioration
Société Boissons du Maroc,2023,"+5,1%",340,Nul (Excédentaire)
(Boissons),2024 (P),"+4,2%",365,Cash-flow robuste
,2025 (P),"+4,8%",390,Cash-flow robuste
Jorf Lasfar (Taqa),2023,"-2,80%",1040,Dette de projet (Stable)
(Énergie),2024 (P),"+3,0%",1150,En désendettement
,2025 (P),"+3,5%",1210,Maîtrisé
Résidences Dar Saada,2023,"+10,5%",28,Élevé
(Immobilier),2024 (P),"+8,0%",45,Sous restructuration
,2025 (P),"+12,0%",65,En amélioration
Jet Contractors,2023,"+15,2%",35,Modéré
(BTP / Ingénierie),2024 (P),"+25,0%",72,En hausse (Nouveaux marchés)
,2025 (P),"+20,0%",95,Stable
Salafin,2023,"+4,1%",105,Propre au secteur financier
(Crédit conso),2024 (P),"+5,2%",125,Solide
,2025 (P),"+6,0%",140,Solide
Colorado,2023,"+3,5%",52,Très Faible
(Peinture),2024 (P),"+5,5%",60,Désendetté
,2025 (P),"+6,5%",68,Trésorerie saine
Maroc Leasing,2023,"0,048",72,Réglementaire
(Leasing),2024 (P),"0,055",85,Solide
,2025 (P),"0,062",98,Solide
Disway,2023,"0,025",102,Faible
(Distribution IT),2024 (P),"0,04",115,Structure saine
,2025 (P),"0,065",130,Trésorerie positive
CTM,2023,"0,08",38,Modéré
(Transport),2024 (P),"0,1",55,Désendettement
,2025 (P),"0,12",72,Maîtrisé
Cartier Saada,2023,"0,11",6,En amélioration
(Conserves/Export),2024 (P),"0,095",12,Stable
,2025 (P),"0,14",22,Sain
SMI,2023,"-5,00%",45,Faible
(Mines d'Argent),2024 (P),"0,15",95,Très Faible
,2025 (P),"0,18",130,Excellent
Delta Holding,2023,"0,062",185,Maîtrisé
(Holding diversifié),2024 (P),"0,05",205,Sain
,2025 (P),"0,058",225,Sain
Aluminium du Mar.,2023,"-2,50%",48,Modéré
(Industrie),2024 (P),"0,07",55,Stable
,2025 (P),"0,095",68,En baisse
Eqdom,2023,"0,038",155,Financier (Standard)
(Crédit conso),2024 (P),"0,045",170,Robuste
,2025 (P),"0,052",185,Robuste
S.M Monétique,2023,"0,075",22,Nul (Trésorerie)
(Technologie),2024 (P),"0,068",26,Excellent
,2025 (P),"0,08",32,Excellent
Aradei Capital,2023,"0,14",145 (FFO),Structurel (LTV < 40%)
(Foncière/REIT),2024 (P),"0,1",165,Maîtrisé
,2025 (P),"0,12",190,Optimisé
Delta Holding,2023,"0,062",185,Maîtrisé
(Holding diversifié),2024 (P),"0,05",205,Sain
,2025 (P),"0,058",225,Sain
Aluminium du Mar.,2023,"-2,50%",48,Modéré
(Industrie),2024 (P),"0,07",55,Stable
,2025 (P),"0,095",68,En baisse
Eqdom,2023,"0,038",155,Financier (Standard)
(Crédit conso),2024 (P),"0,045",170,Robuste
,2025 (P),"0,052",185,Robuste
S.M Monétique,2023,"0,075",22,Nul (Trésorerie)
(Technologie),2024 (P),"0,068",26,Excellent
,2025 (P),"0,08",32,Excellent
Aradei Capital,2023,"0,14",145 (FFO),Structurel (LTV < 40%)
(Foncière/REIT),2024 (P),"0,1",165,Maîtrisé
,2025 (P),"0,12",190,Optimisé
M2M Group,2023,"0,052",15,Nul (Excédentaire)
(Technologie/Paiement),2024 (P),"0,06",19,Trésorerie robuste
,2025 (P),"0,075",24,Trésorerie robuste
Risma,2023,"0,18",160,En fort désendettement
(Hôtellerie/Tourisme),2024 (P),"0,12",185,Maîtrisé
,2025 (P),"0,15",215,Sain
Unimer,2023,"-2,10%",18,Élevé
(Conserves de poisson),2024 (P),"0,055",28,En optimisation
,2025 (P),"0,08",40,Stable
Involys,2023,"0,028",2,Faible
(Logiciels/IT),2024 (P),"0,1",5,Maîtrisé
,2025 (P),"0,15",9,Amélioration du BFR
Maghrebail,2023,"0,042",85,Réglementaire (Stable)
(Leasing),2024 (P),"0,048",92,Solide
,2025 (P),"0,055",100,Solide
Maghreb Oxygène,2023,"0,025",14,Maîtrisé
(Gaz industriels),2024 (P),"0,04",18,Stable
,2025 (P),"0,055",22,Sain
Zellidja S.A.,2023,"0,01",5,Faible (Holding)
(Participations),2024 (P),"0,02",7,Stable
,2025 (P),"0,03",9,Stable
Fenie Brossette,2023,"0,05",-12 (Déficit),Élevé
(Équipements indus),2024 (P),"0,1",4,Sous restructuration
,2025 (P),"0,12",10,En amélioration
Rebab Company,2023,N/A,1,Quasi nul
(Investissement),2024 (P),N/A,"1,5",Très Faible
,2025 (P),N/A,2,Très Faible
IB Maroc.com,2023,"0,015",-5 (Déficit),Sous tension
(Services IT),2024 (P),"0,08",2,Redressement
,2025 (P),"0,15",6,En optimisation
TGCC,2023,"0,185",520,Maîtrisé (CAPEX)
(BTP/Construction),2024 (P),"0,15",580,Stable
,2025 (P),"0,14",650,En baisse
Label'Vie,2023,"0,118",815,Structurel (Expansion)
(Distribution),2024 (P),"0,105",940,Optimisé
,2025 (P),"0,12",1 080,Maîtrisé
Microdata,2023,"0,045",92,Nul (Trésorerie)
(IT/Services),2024 (P),"0,062",105,Excellent
,2025 (P),"0,08",118,Excellent
SRM (Matériel),2023,"-2,10%",-8 (Déficit),Élevé
(Équipements),2024 (P),"0,05",2,Sous surveillance
,2025 (P),"0,1",8,Redressement
Balima,2023,"0,012",18,Quasi Nul
(Immobilier loc),2024 (P),"0,025",20,Très sain
,2025 (P),"0,03",23,Très sain
Immorente Invest,2023,"0,12",65 (FFO),Faible (LTV < 30%)
(Foncière),2024 (P),"0,085",72,Très sain
,2025 (P),"0,1",80,Très sain
Colorado,2023,"0,031",52,Quasi nul
(Peinture/BTP),2024 (P),"0,045",58,Excédent de trésorerie
,2025 (P),"0,06",65,Excédent de trésorerie
Afric Industries,2023,"0,015",7,Faible
(Papier/Alu),2024 (P),"0,03","8,5",Stable
,2025 (P),"0,045",10,Stable
Ennakl Automobiles,2023,"0,09",165,Modéré
(Distribution Auto),2024 (P),"0,055",175,Stable
,2025 (P),"0,07",190,Maîtrisé
Zellidja,2023,N/A,4,Nul (Holding)
(Participations),2024 (P),N/A,5,Nul
,2025 (P),N/A,6,Nul
Maghrebail,2023,"+4,5%",88,Réglementaire (Stable)
(Leasing),2024 (P),"+5,0%",95,Solide
,2025 (P),"+6,2%",105,Solide
Maroc Leasing,2023,"+4,1%",75,Réglementaire
(Leasing),2024 (P),"+4,8%",82,Conforme
,2025 (P),"+5,5%",90,Conforme
Oulmès,2023,"+7,8%",42,Modéré
(Eaux minérales),2024 (P),"+6,5%",55,Stable
,2025 (P),"+8,0%",70,En désendettement
Rebab Company,2023,N/A,"1,2",Quasi Nul
(Holding),2024 (P),N/A,"1,5",Très Sain
,2025 (P),N/A,2,Très Sain
Stokvis Nord Afr.,2023,"-2,20%",-12 (Déficit),Élevé
(Matériel),2024 (P),"+4,0%",3,Sous surveillance
,2025 (P),"+9,5%",15,Redressement
Microdata,2023,"0,048",95,Nul (Trésorerie)
(Technologie),2024 (P),"0,07",108,Excellent
,2025 (P),"0,085",125,Excellent
S.M. Monétique,2023,"0,062",24,Très Faible
(Solutions Paiement),2024 (P),"0,075",29,Sain
,2025 (P),"0,09",35,Sain
Balima,2023,"0,015",19,Quasi Nul
(Immobilier),2024 (P),"0,02",21,Très Robuste
,2025 (P),"0,025",23,Très Robuste
Promopharm,2023,"0,039",72,Faible
(Industrie Pharma),2024 (P),"0,055",80,Stable
,2025 (P),"0,062",88,Stable
Rebab Company,2023,N/A,"1,4",Nul
(Participations),2024 (P),N/A,"1,6",Très Sain
,2025 (P),N/A,"1,9",Très Sain